DK8ZB,F39,1 024,633,2 016,1 924 320,
OL5Y,-,915,546,2 368,1 792 518,Czech Contest Club
DL9EE,M11,672,530,1 816,1 318 640,Bavarian Contest Club
DK5DQ,O32,585,456,1 598,995 448,Rhein Ruhr DX Association
DL6RAI,U08,494,444,1 444,860 472,Bavarian Contest Club
IR3L,-,648,442,1 289,856 154,ITALIAN CONTEST CLUB
SP2R,-,445,412,1 505,803 400, 
DF1MM,I18,500,419,1 042,646 098,
EU2F,-,644,412,732,566 912,Belarus Contest Team
ED1R,-,543,351,1 027,551 070,EA CONTEST CLUB
DM3ZF,Y28,485,439,699,519 776,
DR7T,O47,558,421,648,507 726,Rhein Ruhr DX Association
DA3T,S22,360,370,893,463 610,Bavaria Contest Club
DL3RHN,V22,424,390,726,448 500,
DL7JV,D08,527,384,557,416 256,
DK1KC,C06,352,319,942,412 786,Bavarian Contest Club
OK2BFN,-,387,395,602,390 655,
DK3YD,C12,385,283,767,326 016,Bavarian Contest Club
IZ8GCB,-,396,310,623,315 890, 
DM7EE,H24,304,278,809,309 414,DARC e. V. DOK H24
DL4JU,R09,307,267,841,306 516,Rhein Ruhr DX Association
DM6EE,H24,252,266,865,297 122,Bavarian Contest Club
EA3FZT,-,382,259,757,295 001, 
OY7EE,-,375,278,659,287 452,DANISH DX GROUP
HA2OS,-,316,311,601,285 187,Bajcsy Radioklub
SP7CF,-,357,350,440,278 950,SP-CW-C
OL6D,-,238,288,724,277 056,CZECH CONTEST CLUB
SP1AEN,-,345,326,498,274 818,SP CONTEST CLUB
DL9ZP,V14,343,253,701,264 132,None
OY/DL2JRM,-,428,251,568,249 996,Bavarian Contest Club
DL0RD,L16,240,227,858,249 246,DARC L16
S56A,-,364,348,311,234 900,RHEIN RUHR DX ASSOCIATION
DL5KUD,NM,259,259,635,231 546, 
DL8UIL,Y24,364,314,361,227 650,
DM3F,S07,427,340,214,217 940,WorldWideYoungContesters
DL8TG,W36,366,344,258,214 656,Bavarian Contest Club
DL2NBU,C12,200,264,610,213 840,Bavarian Contest Club
DL5SDN,P15,284,319,386,213 730,AGCW
DL1DQW,S04,253,282,499,212 064,NONE
YU1YV,-,383,296,301,202 464,
DL4ZA,A19,420,228,455,199 500,DARC
SP1D,-,251,214,674,197 950, 
DB5DY,O16,284,266,445,193 914,
HA5BMS,-,308,229,502,185 490,
DD5M,C01,276,269,408,183 996,Bavarian Contest Club
DF6PB,K14,461,365,42,183 595,
SN5J,-,472,386,,182 192,SP DX Club
DK6NJ,U01,247,285,380,178 695,
DL3MXX,C01,237,301,349,176 386,Bavarian Contest Club
DM7W,T19,278,299,287,168 935,BAVARIAN CONTEST CLUB
SE4E,-,223,253,444,168 751,SK4DM VBSA
DF4ZL,F16,303,281,251,155 674,UKRAINIAN CONTEST CLUB
OK4RQ,-,421,358,,150 718,RHEIN RUHR DX ASSOCIATION
SM6FPC,-,330,296,174,149 184,
OE1CIW,-,207,240,379,140 640,
OM5NL,-,402,327,,131 454,
DM5B,Y26,297,245,236,130 585,EASTSIDE CONTEST CLUB
DJ3HW,H04,337,334,48,128 590,BAVARIAN CONTEST CLUB
SP3FSM,-,176,174,558,127 716,
CT1DRB,-,478,260,,124 280,URE
IV3EAD,-,285,262,182,122 354,
E77EA,-,272,234,241,120 042,Bosnia and Herzegovina Contest Club
IV3DXW,-,377,316,,119 132, 
OM8ON,-,240,287,170,117 670,
HB9AMO,-,351,329,,115 479,Clipperton DX Club
HB9ARF,-,312,277,100,114 124,
DL1DAW,O47,253,318,100,112 254,RHEIN RUHR DX ASSOCIATION
DK2FG,N05,147,191,440,112 117,RHEIN RUHR DX ASSOCIATION
DL5NO,C13,318,274,85,110 422,AGCW
DL7YS,D06,196,258,221,107 586,Spandau DXers
SP9DLY,-,301,346,,104 146,SPDXC
LZ5DI,-,252,256,135,99 072,
DL7PM,F38,181,138,520,96 738,DARC
DL8DWW,S04,270,305,40,94 550,
DM5A,S02,105,209,345,94 050,DARC
DL7AWO,D06,257,224,159,93 184,Spandau DXers
DJ2FR,C06,244,230,160,92 920,BAVARIAN CONTEST CLUB
LZ1QV,-,174,225,235,92 025, 
IZ4DYX,-,263,213,163,90 738,ITALIAN CONTEST CLUB
PA2PCH,-,144,150,432,86 400,
DL4WG,S41,125,181,348,85 613,BAVARIAN CONTEST CLUB
IK8UND,-,252,231,116,85 008,ITALIAN CONTEST CLUB
DF2SD,L06,330,252,,83 160,RHEIN RUHR DX ASSOCIATION
DL7VHP,Y34,167,177,283,79 650,
RK3TT,-,112,133,483,79 135, 
DL0GE/P,R02,173,169,283,77 064,
DH7KU,C28,131,146,387,75 628, 
DF8TM,P50,201,185,203,74 740,P50
LY5T,-,147,191,231,72 198, 
RM5F,-,273,263,,71 799,Russian Contest Club
DK2ZO,P05,145,180,250,71 100,Bavarian Contest Club
DJ9SN,C01,292,241,,70 372,
EW2ES,-,206,225,100,68 850,
DL3YM,A24,108,149,343,67 199,Rhein Ruhr DX Association
LZ1VKD,-,250,268,,67 000, 
DL5ANS,X23,156,251,106,65 762,
DL9FBF,F16,224,270,16,64 800,UKRAINIAN CONTEST CLUB
SM5CSS,-,262,242,,63 404,SK5WB
DJ3WE,C01,145,249,107,62 748,Bavarian Contest Club
S51Z,-,146,173,211,61 761, 
PA2A,-,250,174,98,60 552,
YO8DOH,-,100,161,266,58 926,CSTA SUCEAVA
G3K,-,310,190,,58 900, 
R4GM,-,230,146,173,58 838, 
DK2WU,U14,123,138,295,57 684,Bavarian Contest Club
DL2W,F74,104,106,439,57 558,WESTWOOD CONTEST GROUP
DK1WB,H24,150,212,119,57 028,DARC
DL2LRT,S36,206,269,,55 414,
SP7JLH,-,221,243,,53 703,SP-DX-Club
DO4OD,I16,184,152,163,52 744,BAVARIAN CONTEST CLUB
DL6KWN,V07,200,258,,51 600,
YL1YF,-,226,223,,50 398, 
DL1HBT,G16,210,236,,49 560,RRDXA
S52WD,-,244,203,,49 532,S59DEM
DL5ARM,X33,219,223,,48 837, 
YR8A,-,174,275,,47 850,C. S. AEROSTAR BACAU
DJ1XT,M15,222,213,,47 286, 
EI8JX,-,223,205,,45 715, 
LY4BF,-,200,227,,45 400, 
DP5P,C12,210,216,,45 360,BAVARIAN CONTEST CLUB
DL5KBO,G07,234,184,9,44 712, 
JW5E,-,269,162,,43 578,Yankee Clipper Contest Club
DK3UW,E06,212,193,,40 916,DARC
IV3DRP,-,91,112,273,40 768,
DF5RF,F43,140,128,178,40 704,RHEIN RUHR DX ASSOCIATION
SP6EIY,-,189,209,,39 501,SP DX CLUB
DF0MD,A45,114,149,151,39 485,DARC  A45
SW9AA,-,270,146,,39 420, 
RT2F,-,134,101,256,39 390, 
PA5WT,-,250,155,,38 750,VERON
IU0ITX,-,184,207,2,38 502,Italian Contest Club
RG5A,-,127,181,80,37 467,
DL5CL,NM,146,238,10,37 128,
HA5BA,-,181,202,,36 562,HA DX-CLUB
DL3DRN,S27,200,182,,36 400,DARC
YL2TD,-,105,108,224,35 532, 
IK1RGK,-,204,173,,35 292,Italian Contest Club
PE1EEC,-,189,186,,35 154,VERON A22 Zuid-Limburg
DL1YPF,W22,79,106,237,33 496,
OL0A,-,115,155,90,31 775, 
IF9A,-,193,162,,31 266,5nndxcc
DM2BKB,V14,161,191,,30 751,V14
SV2JAO,-,250,120,,30 000, 
SP3BBS,-,173,173,,29 929, 
RV3ZN,-,75,118,178,29 854,RUSSIAN CONTEST CLUB
M0NQN,-,72,94,245,29 798,Gloucester AR&ES
DJ7UC,NM,192,154,,29 568,
PA3EVY,-,157,177,,27 789, 
GW4W,-,167,166,,27 722, 
MM0DFV,-,192,144,,27 648,Radioarena International Group
YO4AAC,-,80,92,220,27 600,YO DX CLUB
YU5T,-,150,184,,27 600,Contest Club Serbia
DJ8WK,O16,130,195,10,27 300,Rhein Ruhr DX Association
DJ5CW,S07,109,133,94,26 999,Bavarian Contest Club
DL5DTG,S07,141,189,,26 649,
OM7AG,-,100,155,71,26 505,
DK5EQ,O27,115,134,80,26 130,o27
SO3O,-,135,133,59,25 802,
RK2M,-,135,189,,25 515, 
9H1PI,-,108,120,104,25 440,M.A.R.L.
DK2TX,B08,154,164,,25 256,DARC
DF0FY,E31,78,159,80,25 122,RHEIN RUHR DX ASSOCIATION
DK7TY,D06,76,106,160,25 016,Spandau DXers
YO7ARZ,-,130,186,,24 180,CSM CRAIOVA
EW1TO,-,161,150,,24 150,BELARUS CONTEST CLUB
DL9MFY,C12,118,162,30,23 976,BAVARIAN CONTEST CLUB
DJ6PC,O03,171,140,,23 940,DARC
DK2WC,O04,81,107,135,23 112,DARC
DL3OH,P15,130,177,,23 010,
YO8BDW,-,135,168,,22 680, 
DH6RS,S22,138,164,,22 632,DARC /S22
DL1VJL,S01,128,175,,22 400,
RN4HAB,-,133,168,,22 344,
SP7FCX,-,129,172,,22 188,
RZ4AA,-,129,170,,21 930,RCC
DF1HC,E29,123,176,,21 648,DARC
HB9DDZ,-,123,171,,21 033,
DL2YDS,N16,138,152,,20 976,DARC
PC1PM,-,170,122,,20 740, 
DJ8XB,D08,125,164,,20 500,DARC
F5PLC,-,153,133,,20 349,
DL3KWF,V11,117,160,10,20 320,Rhein Ruhr DX Association
SQ9S,-,75,86,160,20 210,SP DX Club
IK0ISD,-,130,154,,20 020,
OK1DKU,-,128,156,,19 968,
SP2EPV,-,113,175,,19 775,SPDXC
9A2IK,-,125,156,,19 500,RADIO CLUB KVARNER RIJEKA
R4WAE,-,121,159,,19 239,
SP8GNF,-,104,171,7,18 981,SP DX C
F5OZC,-,149,126,,18 774,
DM2DZM,NM,136,135,,18 360,HSC
SV2HUD,-,139,132,,18 348,
SP6BEN,-,120,152,,18 240,
ON5WL,-,122,148,,18 056,Contest club Belgium
IW2FUT,-,139,125,,17 375,None
SP2GMA,-,120,144,,17 280, 
OH5TS,-,122,141,,17 202,CCF
PA3BUD,-,100,171,,17 100,VERON
DL2IKE,Y28,106,124,30,16 864,DARC Y28
OK2ABU,-,127,131,,16 637,
9A2VX,-,115,144,,16 560,RADIO CLUB KVARNER RIJEKA
HB9/OM3CQ,-,121,136,,16 456, 
S56C,-,131,125,,16 375, 
DK6OR,F38,122,134,,16 348, 
YO6HSU,-,121,133,,16 093,SPORT CLUB MIERCUREA-CIUC
DM2TO,W22,110,146,,16 060,
PD1RP,-,134,118,,15 812, 
SQ9FMU,-,115,136,,15 640,SP DXC
EA5ITT,-,98,158,,15 484,
DJ1OJ,C25,100,154,,15 400,Bavarian Contest Club
DM4MN,R03,110,138,,15 180,
DM5JBN,S60,133,114,,15 162,BAVARIAN CONTEST CLUB
SP5GDY,-,104,143,,14 872, 
RW3DY,-,133,111,,14 763,RUSSIAN CONTEST CLUB
DL8UKW,Y07,110,132,,14 520,DARC
DK6QW,L03,107,134,,14 338,Rhein Ruhr DX Association
DF3CE,A45,65,83,106,14 193,DARC A45
SP9IHP,-,102,139,,14 178, 
DF7CB,R10,106,133,,14 098,Rhein Ruhr DX Association
HB9CPS,-,137,102,,13 974, 
DF2AJ,P51,70,116,50,13 920,RHEIN RUHR DX ASSOCIATION
DK4VY,E20,113,123,,13 899, 
DL2ANM,X41,101,134,,13 534,
DL6AWJ,X23,103,131,,13 493,X23
ON6PJ,-,124,108,,13 392, 
DF3TE,G46,110,121,,13 310,
YO4SI,-,94,140,,13 160,CSM Craiova
DL7VRG,D21,68,107,53,12 947,RHEIN RUHR DX ASSOCIATION
DL2ZA,U15,85,136,10,12 920,Bavarian Contest Club
SP6IHE,-,87,148,,12 876,
DH0AAC,H73,93,138,,12 834,Contest Club Harz Heide
DL4DZ,O04,58,100,70,12 800,None
RA3BQ,-,108,116,,12 528,None
DL7UKT,Y07,102,120,,12 240,DARC, MAR5CONISTA 407
DK5SF,Z46,97,121,4,12 221,
DD7UW,S22,111,110,,12 210,
DF7IH,P05,103,116,,11 948,DARC
HA8TP,-,87,137,,11 919,THRACIAN ROSE CLUB
CT1ELZ,-,100,119,,11 900, 
OK1BR,-,138,86,,11 868,
OM8MF,-,103,115,,11 845,
M3X,-,98,120,,11 760,EXETER ARS
DL2LDE,U08,82,143,,11 726,BAVARIAN CONTEST CLUB
IK4DCX,-,115,98,,11 270,ITALIAN CONTEST CLUB
RT3C,-,88,128,,11 264,
DJ2IA,F43,85,132,,11 220,DARC F43
SV1CEI,-,93,120,,11 160,
SV1IU,-,83,132,,10 956,RAAG GR
DL2GPK,P29,101,108,,10 908,
EA4XT,-,98,110,,10 780,
RN4SC,-,86,125,,10 750,
SP9EMI,-,65,113,30,10 735,
PA0RBA,-,94,114,,10 716,VERON
9A5RTW,-,69,154,,10 626,
R6CW,-,85,124,,10 540,RCC
M0RYB,-,99,86,20,10 234, 
DG3BZ,R09,74,137,,10 138,RHEIN RUHR DX ASSOCIATION
OK1DKE,-,104,96,,9 984,
PC5D,-,93,107,,9 951,Veron
IK2CMI,-,87,113,,9 831,Italian Contest Club
G3T,-,81,120,,9 720, 
DH0JAE,Y28,63,94,40,9 682,
DL1SKK,P06,51,74,78,9 546,
DJ3GE,G25,96,96,,9 216,RHEIN-RUHR-DX-ASSOCIATION
RK6HG,-,90,102,,9 180,RUSSIAN CW CLUB
UA6LCJ,-,80,113,,9 040,
SP8CGU,-,100,90,,9 000, 
GB22GE,-,99,90,,8 910,G4MBC
DK2OY,M15,73,121,,8 833,Bavarian Contest Club
DD2EG,S04,87,101,,8 787,
RV3VR,-,82,104,,8 528,vcg
DL2ARN,X42,78,108,,8 424,
DL5AZZ,X33,78,108,,8 424,AGCW
OE3JAG,-,70,119,,8 330,
YO8/LZ4UU,-,52,68,70,8 296, 
OM8DD,-,87,95,,8 265,
OZ1KZX,-,80,102,,8 160, 
DL4HG,E38,73,72,40,8 136,Bavarian Contest Club
DL4FCJ,F24,62,131,,8 122, 
SV1DAY,-,57,100,23,8 000,
DL9AAA,H27,82,97,,7 954,H27
DJ3RA,Y22,66,116,,7 656,
G4PVM,-,81,94,,7 614,Essex CW ARC
DL9NEI,C26,72,92,10,7 544,Bavarian Contest Club
DK6AC,H24,79,95,,7 505, 
DJ9HX,P50,75,100,,7 500,South German DX Group
PA3EWG,-,76,98,,7 448, 
R3VL,-,76,95,,7 220,RUSSIAN CONTEST CLUB
SP3CCT,-,123,57,,7 011,SP3PSM
F6FTB,-,59,88,20,6 952,
DL4HCF/P,E33,70,98,,6 860,
DL8UKE,Y13,68,99,,6 732,
EW8G,-,80,84,,6 720,KDR / AGB / TRC
DL1NEO,B36,30,60,80,6 600,Bavarian Contest Club
RT6N,-,74,86,,6 364,
RK7X,-,88,71,,6 248,
DD5VL,S07,53,85,20,6 205,
OH5UQ,-,61,99,,6 039,
UG4I,-,75,80,,6 000,
SE0B,-,67,89,,5 963,SK0MM
RA7R,-,70,85,,5 950,RCWC
RA3XCZ,-,60,97,,5 820,OBNINSK QRU CLUB
YO4BEW,-,69,82,,5 658,YO DX CLUB
RV3AJ,-,66,85,,5 610,
DL3RDM,U08,61,90,,5 490,
IU6FUB,-,58,94,,5 452,
IK2AOO,-,56,94,,5 264, 
IK7LMX,-,55,92,,5 060,Italian Contest Club
DF4HA,E29,61,71,10,5 041,DARC
UT8EU,-,61,82,,5 002,
IK2AUK,-,56,89,,4 984,ITALIAN CONTEST CLUB
IU0PJS,-,60,82,,4 920, 
DL6RBH,U20,57,83,,4 731,Bavarian Contest Club
LY0NAS,-,55,86,,4 730,BALTIC CONTEST CLUB
F4HGU/P,-,75,63,,4 725,
G3SQU,-,67,70,,4 690,CLUB: THRACIAN ROSE CLUB
OK1FCA,-,73,60,3,4 560,
IK8ARF,-,62,70,,4 340,ITALIAN CONTEST CLUB
ZA1ME,-,50,85,,4 250,
PA0HPG,-,51,81,,4 131, 
PA0JED,-,63,64,,4 032,BAVARIAN CONTEST CLUB
OM5MX,-,45,88,,3 960, 
DL2LSM,S34,51,75,,3 825, 
PA3DTR,-,50,76,,3 800,
SP9R,-,50,76,,3 800,SP DX Club
OK1PFM,-,49,77,,3 773,
RW3AI,-,53,70,,3 710,
YL3JD,-,38,48,39,3 696,
DL4SL,Y13,46,52,25,3 692,DARC E. V.
OK1TDX,-,48,76,,3 648, 
DH1PAL,G46,50,72,,3 600,
SP3PSM,-,90,40,,3 600,SP3PSM
DL0TEU,E29,52,58,10,3 596,DARC
LZ8A,-,52,68,,3 536,Radio Club Troyan
OM2DT,-,57,62,,3 534,
DF7XR,N30,47,74,,3 478,
DL8ZAJ,F09,50,68,,3 400,Rhein Ruhr DX Association
PA5GU,-,51,66,,3 366,VERON
F1IKA,-,43,78,,3 354,
DL2AXM,X41,40,79,,3 160,
DH3MS,T19,44,58,10,3 132,DARC
SV1XG,-,39,80,,3 120,RAAG GR
9A4W,-,53,58,,3 074,Croatian contest club
DL8NFA,B08,53,56,,2 968,
M0NNQ,-,51,56,,2 856,
RZ4AZ,-,48,59,,2 832,RZ4AZ@mail.ru
YT1XC,-,41,69,,2 829,yu1fjk
R4MA,-,55,48,,2 640,
SF6W,-,41,64,,2 624, 
IK2IKW,-,37,70,,2 590,ITALIAN CONTEST CLUB
F6JOE,-,56,46,,2 576,CHILTERN DX CLUB
RD3FT,-,41,62,,2 542,
SP5DJ,-,39,64,,2 496,VOT PZK
DK1T,E29,44,54,,2 376,DARC
SM6S,-,50,44,,2 200,SK6EI
EI5LA,-,39,56,,2 184,
DF5TR,P05,40,54,,2 160,
SP1GDK,-,37,58,,2 146, 
OK1HCG,-,37,57,,2 109,
SD6F,-,55,38,,2 090,SK6AW Hisingens radioklubb
LZ2AF,-,36,58,,2 088,Thracian Rose Club
F5SGI,-,36,56,,2 016,
DK3CC,F38,38,52,,1 976,
DM3VPJ,X42,35,56,,1 960,DARC
DL7ACN,A22,36,53,,1 908, 
YO3HEX,-,38,50,,1 900, 
ZA1AK,-,41,46,,1 886,
DL0GEL,S22,37,50,,1 850,Bavaria Contest Club
OM7AT,-,37,50,,1 850,
SP5UFK,-,32,57,,1 824,SP DX CLUB
DK5ZX,V11,32,56,,1 792, 
DJ1KW,U13,35,50,,1 750,DARC U13
F3WT,-,13,33,40,1 749,
DL1NPG,V22,29,60,,1 740,V22
SP5ELA/8,-,31,56,,1 736,SP DX CLUB
SM5ACQ,-,33,52,,1 716,SK5AA - Vasteras Radioklubb
OE1XA,-,32,53,,1 696,
OH3PE,-,36,46,,1 656,
DL5L,X23,25,46,10,1 610,
OK1DVA,-,36,44,,1 584,
HG7J,-,31,50,,1 550,HA7KBR
Z33ST,-,28,51,,1 428, 
IR4Q,-,32,44,,1 408,
SP9KJU,-,31,44,,1 364,
R3IBT,-,34,40,,1 360,RU-QRP CLUB
DK4LX,F06,26,38,9,1 330,
IK2RLS/8,-,31,42,,1 302, 
DK7AC,H73,25,52,,1 300,
IK2AIT,-,32,40,,1 280,Italian Contest Club
RX3MM,-,30,42,,1 260, 
SQ3POS,-,28,45,,1 260, 
DJ3XM,E35,28,44,,1 232,DARC
UA3SDN,-,30,41,,1 230,
DL1AKL,X28,34,36,,1 224,
IK0ALT,-,30,40,,1 200,Italian Contest Club
DM3XI,X10,28,42,,1 176,DARC
F8DFP,-,42,28,,1 176, 
LC5P,-,29,40,,1 160,LN8W
PA4J,-,26,44,,1 144, 
PA2TA,-,25,32,10,1 120, 
DF4WO,K34,24,46,,1 104,
DL1EMA,L24,27,40,,1 080,
DM6WAN,S54,29,36,,1 044,
DF5CK,C01,30,34,,1 020, 
PE0CD,-,26,39,,1 014,Veron A13
DK9ZE,F66,28,36,,1 008,DARC
DL2FK,P15,24,42,,1 008,SDXG
DL1NKB,B26,27,36,,972,DARC
PD0ME,-,26,36,,936,VERON
F5LLE,-,23,36,,828, 
ZA1F,-,23,36,,828,ALBANIAN FEDERATION OF RADIOAMATEURISM
DF1LX,M15,22,37,,814,Bavarian Contest Club
LA2XNA,-,22,36,,792,LA-DX-GROUP
DL9GMC,V06,22,34,,748,
YL2PP,-,22,34,,748,Latvian Contest Club
DL1DEU,B08,21,34,,714,DARC
DL2BIS,B18,20,34,,680,DARC
RN6AT,-,20,34,,680,
SM7RYR,-,20,34,,680,
DH7TS,D17,21,32,,672,
DL1DXA,S07,21,32,,672,
DL0HAM,D25,30,22,,660,DARC
EA3OH,-,25,26,,650,URE
EA4U,-,20,32,,640,EA CONTEST CLUB
DL8BV,I50,21,30,,630,
DK2BK,A22,18,34,,612,
UG4P,-,19,32,,608,MDXC
DL0GEO,Z31,20,30,,600,GEO-DX GROUP
OK1FMJ,-,17,34,,578, -
ON4LY,-,20,28,,560,CONTEST CLUB BELGIUM
DL3AMB,X41,16,34,,544,
OE5FDM,-,18,30,,540, 
DK3WM,F73,16,32,,512,
RA5AV,-,15,33,,495,
OK2GU,-,17,28,,476,
PC4Y,-,18,26,,468,VERON
DK5KF,G03,19,24,,456,
SM6GBM,-,15,24,,360,SK6AW Hisingens Radioklubb
SE6K,-,15,23,,345,SK6AW - Hisingens Radioklubb
F4HPZ,-,13,26,,338,
IZ4GRP,-,14,24,,336,
GM5TDX,-,14,22,,308,
Z39A,-,13,22,,286,
DL1THB,V11,15,18,,270,
F5NBX,-,15,18,,270,LES NOUVELLES DX
DL9ZWG,W37,12,22,,264,
EI3CTB,-,12,22,,264,
DK4CU,O12,14,18,,252,AGCW
DL8RB,Q05,11,22,,242,BAVARIAN CONTEST CLUB
F5TYY,-,11,22,,242, 
DL9SEV,P51,12,20,,240,RHEIN RUHR DX ASSOCIATION
DF8LY,F16,10,22,,220,
YO4BEX,-,12,18,,216,YO DX CLUB
UD2F,-,11,16,,176,UA2 Contest Club
PA8MM/P,-,10,16,,160, 
SN0R,-,10,16,,160, 
OH2BN,-,8,12,,96,
DJ5QE,N20,6,15,,90,RHEIN-RUHR-DX-ASSOCIATION
UB4Y,-,6,14,,84, 
SM6MIS,-,6,12,,72,SK6AW
DF5EM,L05,5,10,,50,DARC
DK2YL,Q05,5,10,,50,BAVARIAN CONTEST CLUB
UB1AKA,-,5,10,,50,
YT5BOS,-,5,10,,50,YU1FJK
EW1FM,-,7,6,,42,Belarus Contest Club
DF1IW,A22,5,8,,40,A22
DO9THG,B13,4,8,,32,DARC
DK3WE,S34,3,6,,18, 
DL8FMA,C29,2,6,,12,
IZ3JPM,-,2,5,,10,
UA6AAW,-,2,5,,10,
DF5GO,D08,2,4,,8,DARC D08
F4GFT,-,2,4,,8,
IK1VEK,-,2,4,,8,
M0KNG,-,2,4,,8,Essex CW ARC
OH2CBD,-,2,4,,8,
DF1GRA,R11,1,2,,2, 
LY9A,-,1,2,,2,Kaunas University of Technology Radio Club
DJ5MW,T13,1 308,790,2 935,3 351 970,Bavarian Contest Club
IR2Q,-,1 282,738,2 814,3 022 848,ICC
SN7Q,-,1 263,722,2 624,2 806 414,
DK9PY,K04,1 160,676,2 743,2 638 428,
EB5A,-,1 190,678,2 636,2 594 028,EA Contest Club
DF9LJ,M15,958,633,2 226,2 015 472,Bavarian Contest Club
DK5PD,F27,1 014,653,2 027,1 985 773,BAVARIAN CONTEST CLUB
DL3UB,V22,804,678,1 893,1 828 566,BAVARIAN CONTEST CLUB
DM5GG,S07,783,599,1 769,1 528 648, 
DL7ON,D04,804,640,1 553,1 508 480,Bavarian Contest Club
DL1BUG,Y15,783,636,1 512,1 459 620,BAVARIAN CONTEST CLUB
OM3RM,-,763,527,1 862,1 383 375,
DK5KK,L05,663,533,1 737,1 279 200,Rhein Ruhr DX Association
9A2AJ,-,834,540,1 200,1 098 360,CROATIAN CONTEST CLUB
DJ9AO,X22,637,495,1 437,1 026 630,
DL5XJ,M30,555,479,1 406,939 319,Bavarian Contest Club
DL5YM,Y21,744,461,1 174,884 198,RHEIN RUHR DX ASSOCIATION
DL1ASA,F02,612,491,1 100,840 592,
DK9IP,A24,941,595,468,838 355,Bavarian Contest Club
HA3OU,-,511,412,1 511,833 064, 
DJ2BC,V22,705,497,910,802 655,V22
SM2M,-,678,504,909,799 848,SK2AT
DL6KVA,V01,888,546,562,791 700,Bavarian Contest Club
IR2C,-,683,325,1 647,757 250,ITALIAN CONTEST CLUB
EW1I,-,601,475,935,729 600,BELARUS CONTEST CLUB
DL8WX,K24,610,440,779,611 160,
HG2DX,-,693,258,1 616,595 722, 
9A3XV,-,348,404,1 101,585 396,CROATIAN CONTEST CLUB
LZ1QN,-,423,315,1 409,577 080, 
HB9FBP,-,712,383,719,548 073,HB9ON Radio Group
HA5JI,-,612,415,626,513 770,HA-DX-CLUB
OZ0B,-,600,499,415,506 485,Danish DX Group
TF3D,-,616,294,1 093,502 446,
DL4WK,V22,559,517,390,490 633,
EA5FID,-,417,341,1 007,485 584,EA CONTEST CLUB
HA4FB,-,909,523,,475 407,ASE Rk
DM3M,Q07,473,404,630,445 612,RHEIN RUHR DX ASSOCIATION
IK1PMR,-,658,484,227,428 340, 
EI5KF,-,538,311,727,393 415,
I2WIJ,-,314,322,772,349 692,Italian Contest Club
DD5DD,Z90,553,476,180,348 908,VFDB
M0B,-,683,362,268,344 262,Verulam ARC
HA7RY,-,710,466,,330 860,
DL2MDU,C06,359,466,349,329 928,
R5AJ,-,409,343,552,329 623,Russian Contest Club
RU3A,-,601,513,,308 313,
DF8XC,N01,376,364,385,277 004,RHEIN RUHR DX ASSOCIATION
EF1A,-,336,222,910,276 612,EA CONTEST CLUB
EI6JK,-,436,434,200,276 024,
DL4ME,X30,289,343,435,248 332,Rhein Ruhr DX Association
OE1TKW,-,278,315,504,246 330,Bavarian Contest Club
DK5QN,N02,547,437,,239 039,
9A5SSS,-,300,173,1 066,236 318, 
DL6UAA,Y43,454,380,164,234 840,
DL6JZ,S07,506,461,,233 266, 
DL5JQ,R25,279,366,354,231 678,CW Ops
HB9DQL,-,508,356,139,230 332,Bavarian Contest Club
DK6WL,C26,333,435,192,228 375,Bavarian Contest Club
SC7DX,-,441,399,129,227 430,SK7DX
DL7URH,S41,360,449,137,223 153,BAVARIAN CONTEST CLUB
DL8MKG,W13,425,455,50,216 125, 
OK1RR,-,427,368,127,203 872,
DL2SAX,P05,430,344,126,191 264, 
SP1NY,-,282,239,494,185 464, 
DK3QZ,L03,286,245,453,181 055,Rhein Ruhr DX Association
YT3D,-,501,220,306,177 540, 
DQ5T,M31,346,358,149,177 210,Bavarian Contest Club
OK1OA,-,484,350,,169 400,CZECH CONTEST CLUB
SP5AUC,-,507,257,92,153 943,VOT PZK
YQ6A,-,275,159,659,148 506,KSE Tg.Secuiesc
SP7IIT,-,280,275,242,143 550,SP DX Club
DK8AX,F10,214,314,219,135 962,Rhein Ruhr DX Association
MD2C,-,404,336,,135 744, 
OZ1IKY,-,475,284,,134 900,Danish DX Group
PA3AAV,-,351,273,134,132 405,Beemster Contest Club
DA0T,E38,333,283,134,132 161,BAVARIAN CONTEST CLUB
RL3T,-,209,208,395,125 632,Russian Contest Club
DJ5LA,M15,326,360,10,120 960, 
DJ9RR,E03,208,210,342,115 500,Bavarian Contest Club
DL6AG,S44,370,312,,115 440,
HA5NR,-,214,258,227,113 778,BAVARIAN CONTEST CLUB
R3OM,-,321,333,,106 893,
G4IIY,-,314,247,100,102 258, 
SN6A,-,409,249,,101 841,
EU3A,-,299,337,,100 763,BELARUS CONTEST CLUB
LA0CX,-,226,160,403,100 640, 
DK2LO,M21,314,300,20,100 200,Bavarian Contest Club
HA5AQ,-,371,264,,97 944, 
DL8UI,F10,256,351,10,93 366,DARC
HB9EHJ,-,329,269,,88 501,Bavarian Contest Club
HG0Y,-,373,108,410,84 564, 
UA5C,-,206,173,267,81 829,
EW8DX,-,241,242,94,81 070,BELARUS CONTEST CLUB
SE5E,-,122,146,402,76 504,SK3W
LY2XW,-,140,110,551,76 010,Kaunas University of Technology Radio Club
F5PAL,-,276,186,125,74 586,F4KLW
DF6QV,N15,258,288,,74 304,Rhein Ruhr DX Association
DK8MM,E38,307,220,30,74 140,Bavarian Contest Club
LZ1ZM,-,175,132,384,73 788, 
DF6RI,U15,300,208,45,71 760,BAVARIAN CONTEST CLUB
OP7T,-,193,189,185,71 442,Contest Club Belgium
SD1A,-,146,172,268,71 208,ALL
YT1A,-,316,193,50,70 638,West Serbia Contest Club
DP6P,Y24,206,342,,70 452,
OM3CPF,-,274,254,,69 596,
SP4Z,-,127,157,310,68 609,SP DX Club
EW8OM,-,273,250,,68 250,
OM3CFR,-,242,247,30,67 184, 
I1NVU,-,277,235,,65 095,Italian Contest Club
DL4VK,P03,253,257,,65 021,BAVARIAN CONTEST CLUB
DL1NKS,B24,240,265,,63 600,Bavarian Contest Club
DJ5AN,I21,101,158,293,62 252,Bavarian Contest Club
SP6AEG,-,250,243,,60 750,SP DX CLUB
DF7TV,NM,269,202,30,60 398, 
OK1KTI,-,249,241,,60 009,club station  Huntirov
9A/UW1GZ,-,224,129,227,58 179, 
I2BRT,-,200,287,,57 400,Sharks DX Team
SD6M,-,220,124,241,57 164,SK6AW Hisingens Radioklubb
UI6D,-,137,146,244,55 626,RUSSIAN CW CLUB
9A/DK6SP,-,129,97,443,55 484,Bavarian Contest Club
YU1RA,-,225,176,83,54 208, 
SP3HRN,-,271,199,,53 929,sp-dx-c
GM3YEH,-,132,148,213,51 060,Kilmarnock & Loudoun ARC
DJ4WT,K06,245,204,,49 980,BAVARIAN CONTEST CLUB
IR4E,-,127,94,402,49 726,
OU2W,-,214,232,,49 648,Bavarian Contest Club
DH1TST,Y11,158,197,70,44 916,BAVARIAN CONTEST CLUB
HB9AUK,-,220,203,,44 660,
HB9BAS,-,174,197,50,44 128, 
PF5X,-,201,208,,41 808, 
OK1XC,-,301,134,,40 334,Czech Contest club
DL2OE,Y15,219,183,,40 077,BAVARIAN CONTEST CLUB
RT5T,-,235,166,,39 010, 
PA6AA,-,202,193,,38 986,Bavarian Contest Club
EW1M,-,171,226,,38 646, 
EW3LN,-,170,213,,36 210,
OP4K,-,240,137,20,35 620,Antwerp Contest Club
DL9LM,V14,217,164,,35 588,None
PC4H,-,201,177,,35 577,Veron
IO3F,-,164,203,,33 292,9 radio
SP9ATE,-,159,206,,32 754,sp dx club
OP5T,-,185,172,,31 820,CONTEST CLUB BELGIUM
SP5GH,-,113,278,,31 414, 
DL2RTJ,X36,126,164,60,30 504,CGDXC
OZ8SW,-,113,143,100,30 459,Danish DX Group
LC5Z,-,136,188,20,29 328,LA CONTEST CLUB
DF3VM,Q05,100,60,362,27 720,BAVARIAN CONTEST CLUB
EA6NB,-,206,130,,26 780,
RN3AM,-,145,184,,26 680,Rusian CW Club
HB9CVQ,-,190,132,,25 080, 
M1X,-,155,161,,24 955,West Kent ARS
M4N,-,120,96,136,24 576,Gloucester AR&ES
RD4A,-,140,175,,24 500,
G4ERW,-,204,84,85,24 276,
IK1BPL,-,172,138,,23 736,CLUB: Italian Contest Club
SP3A,-,169,138,,23 322, 
YT6X,-,204,114,,23 256,Contest Club Serbia
ON6LR,-,130,173,,22 490,Contest Club Belgium
UA2FZ,-,127,175,,22 225,UA2 Contest Club
PE2K,-,139,159,,22 101,VERON
RA4Y,-,135,163,,22 005,RCC, RCWC, FO, RRC, AFARU
IK2LFF,-,113,193,,21 809,SHARKS DX TEAM
PA0INA,-,135,148,,19 980, 
RA3TT,-,100,128,55,19 840, 
G4IRN,-,166,116,,19 256,Radio GaGa Contest Group
SN2N,-,120,160,,19 200,
SA6NIA,-,137,135,4,19 035, 
YO7CW,-,121,157,,18 997, 
SV2BXA,-,116,158,,18 328,INTEREST GROUP RTTY
DJ2TG,O43,119,153,,18 207, 
OH2KI,-,130,134,,17 420,
RN2FQ,-,97,126,30,16 002,UA2 CONTEST CLUB
OK2EQ,-,97,164,,15 908,
LY2AX,-,134,118,,15 812,Kaunas University of Technology Radio Club
HB9IJC,-,127,124,,15 748,USKA
DL7CX,S62,100,156,,15 600,Bavarian Contest Club
SP3JDZ,-,85,180,,15 300,
DL1DTL,S01,100,150,,15 000,RHEIN RUHR DX ASSOCIATION
G4BSW,-,107,138,,14 766,
SM6NT,-,125,116,,14 500,SK6LK
DJ2QV,C30,75,95,75,14 250,RRDXA
HB9KOG,-,127,110,,13 970,HTC
LZ1GE,-,115,119,,13 685,Thracian rose club
DJ5IW,C27,103,132,,13 596,Bavarian Contest Club
DF2RG,U18,111,122,,13 542,BAVARIAN CONTEST CLUB
OK5M,-,187,72,,13 464, 
EU1ST,-,101,132,,13 332,BELARUS CONTEST TEAM
DF4UM,P07,54,90,91,13 050,
DL7UGO,D26,96,132,,12 672,
DL7AT,E38,104,100,20,12 400,BAVARIAN CONTEST CLUB
DL8WEM,P24,100,124,,12 400,
DG1YBN,N44,100,121,,12 100,DARC
DK3AX,B18,98,106,,10 388,
EI8KW,-,86,106,,9 116, 
PA5N,-,82,74,40,9 028, 
YL2EA,-,73,122,,8 906,LATVIAN Contest CLLUB
EA6/ED3T,-,139,64,,8 896, 
RK3P,-,87,98,,8 526,RUSSIAN CW CLUB
DL6NBC/A,B25,56,74,55,8 214,Bavarian Contest Club
OL1T,-,117,68,,7 956,Czech Contest Club
DL6DVU,S07,80,86,,6 880,
DF8V,Q05,60,110,,6 600,BAVARIAN CONTEST CLUB
9A3EZ,-,81,80,,6 480,Radio klub Osijek
HB9AJP,-,66,96,,6 336,
PA0CT,-,77,78,,6 006, 
LA8HGA,-,89,65,,5 785,LA Contest Club
DK0SU,P11,75,76,,5 700,
OG6B,-,67,74,,4 958,Contest Club Finland
OH7KC,-,51,95,,4 845,
OK4T,-,46,48,45,4 368,
ON7ZJ,-,67,62,,4 154,ORA
SO5N,-,48,83,,3 984,
DG0KS,V02,52,76,,3 952,RHEIN RUHR DX ASSOCIATION
PE1RDP,-,51,70,,3 570, 
CT7AIX,-,48,70,,3 360, 
DF5DK,K01,39,76,,2 964,DARC
DL4ZBY,F27,43,66,,2 838,F27
LA7SI,-,42,58,,2 436, 
IO0A,-,67,34,,2 278,ITALIAN CONTEST CLUB
PA4OES,-,49,42,,2 058,VERON A11
OH5ZA,-,30,63,,1 890,Contest Club Finland
DF6QE,N44,29,49,7,1 764,DARC N44
YU7BW,-,31,54,,1 674,Contest Club Serbia
YO4GO,-,27,30,20,1 410,CSR BRAILA
DL6NAV,B18,35,40,,1 400,
EA3X,-,31,45,,1 395,Catalonia Contest Club
IK1UGX,-,25,43,,1 075,Italian Contest Club
PA1LEX,-,29,36,,1 044, 
OH1QX,-,27,38,,1 026,Contest Club Finland
SM6NZA,-,26,39,,1 014, 
LA2US,-,24,41,,984, 
DL1ATZ,X23,22,44,,968,
R2AOQ,-,11,26,,286,
DA2X,S01,1 417,835,3 090,3 763 345,BAVARIAN CONTEST CLUB
9A5Y,-,1 438,811,3 108,3 686 806,Croatian contest club
RU1A,-,1 307,795,2 926,3 365 235,Russian Contest Club
DP6A,I49,1 342,759,3 028,3 316 830,Bavarian Contest Club
SN2B,-,1 399,768,2 784,3 212 544,SP DX Club
DR3W,W37,1 032,687,1 935,2 038 329,Bavarian Contest Club
SP8R,-,1 368,704,1 390,1 941 632, 
RT4G,-,1 039,580,2 233,1 897 760,
LZ5R,-,1 075,673,1 628,1 819 119,MILARA CONTEST CLUB
DL0LA,U08,604,500,1 194,899 000,Bavarian Contest Club
3Z1K,-,390,316,1 041,452 196,SP-DX-CLUB
DK2R,U14,497,495,398,443 025,DARC
DR5W,Y34,458,378,236,262 332,BAVARIAN CONTEST CLUB
DK2A,B13,370,299,20,116 610,Bavarian Contest Club
LZ9X,-,153,174,310,80 562, 
YP5A,-,125,162,,20 250,CSM BISTRITA - YO5KUC
YO4KAK,-,44,52,147,9 932,YO DX CLUB
SP9PBB,-,10,18,,180, 
UN4L,1 404,362,1 380,1 007 808,UNCC
K1XM,1 174,384,1 170,900 096,Yankee Clipper Contest Club
TA7I,959,321,949,612 468,TRAC TRABZON
UP7L,1 025,239,940,469 635,UNCC
K7SV,792,291,774,455 706,Potomac Valley Radio Club
RA9AP,822,277,772,441 538,South Ural Contest Club
RV9UP,900,240,874,425 760,RCC
HZ7C,783,284,660,409 812, 
UN0LM,928,207,918,382 122,UNCC
PY5AMF,774,235,737,355 085,ASSOCIACAO DOS RADIOAMADORES DO PARANA
PY2NY,689,236,670,320 724,Araucaria DX Group
JA1BJI,706,214,661,292 538, 
W1WBB,423,235,412,196 225,CTRI Contest Group
KP3N,484,191,490,186 034,
PY2KC,430,214,428,183 612,ARAUCARIA DX GROUP
XR3W,486,198,424,180 180,CE CONTEST GROUP
CX2AQ,449,194,442,172 854,Araucaria Dx Group
4X1ST,437,194,425,167 228,ISRAEL AMATEUR RADIO CLUB
5T5PA,508,201,230,148 338, 
K2ZR,387,192,380,147 264,Niagara Frontier Radiosport
4K6FO,532,134,529,142 174, 
JA6WFM,441,166,406,140 602,
PT2AW,401,173,397,138 054,Clube de CW de Sao Paulo - CWSP
VU2XE,491,159,306,126 723,VU Contest Group
R8WF,381,159,360,117 819,
JE4MHL,364,162,360,117 288,
WQ6X,325,172,324,111 628,SAN DIEGO CONTEST CLUB
UN7LDR,487,216,,105 192,
RG0A,430,122,420,103 700,Central Siberia DX Club
UA9BA,315,160,310,100 000,Ural Contest Group
TI2OY,306,158,305,96 538,none
NM5M,307,157,295,94 514,DFW Contest Group
AA8CA,267,175,272,94 325, 
VE3TM,314,143,312,89 518,Contest Club Ontario
W0PV,261,171,255,88 236, 
XQ3WD,303,161,230,85 813,CE CONTEST GROUP
PY4XX,243,173,242,83 905,RIO DX GROUP
YB1RKT,275,152,265,82 080,Barefoot Contest Club
RA9MX,240,170,230,79 900,RCWC
N4IJ,264,148,256,76 960,Southeast contest Club
E21YDP,304,126,301,76 230,SIAM DX GROUP
XQ3SK,267,141,252,73 179,Cubanos Libres de Patria y Vida
V31MA,313,118,286,70 682,BAVARIAN CONTEST CLUB
AC5XK,250,146,227,69 642,Potomac Valley Radio Club
UN8PT,311,110,310,68 310,RU-QRP CLUB
YB9ELS,310,102,309,63 138,DX1O1 Contest Club
KM5G,223,147,205,62 916, 
WB4TDH,229,136,228,62 152,Florida Contest Group
K0EA,285,112,225,57 120,minnesota wireless assn
W4EE,200,142,191,55 522,Florida Contest Group
5B4APL,370,74,370,54 760,Nicosia Radio Club
HS8NKB,299,96,240,51 744,SIAM DX GROUP
K2AL,178,134,178,47 704,New Providence ARC
PY4ARS,250,140,74,45 360,RIO DX GROUP
HS8HEX,250,92,240,45 080,SIAM DX GROUP
TA2SE/3,195,116,170,42 340,
N1API,200,103,200,41 200,Meriden ARC
BI8CZM,186,118,159,40 710, 
R8LA,232,101,168,40 400,
BH6KOK,236,92,200,40 112, 
RQ9O,206,98,202,39 984,ARKTIKA
VE3NFN,253,154,,38 962,Contest Club Ontario
PU2UAF,188,93,170,33 294,ARAUCARIA DX GROUP
N1DC,142,125,110,31 500,YANKEE CLIPPER CONTEST CLUB
AE1T,130,107,129,27 713,Yankee Clipper Contest Club
HS8JWH,147,94,141,27 072,SIAM DX GROUP
TA3DJ,264,99,,26 136,
KK0U,146,99,110,25 344,Society of Midwest Contesters
PY4LH,161,81,143,24 624,Araucaria DX Group
KE2WY,122,97,115,22 989,liverpool amatuer repeater club
RA9SN,106,110,100,22 660,Arktika
KP3W,122,93,121,22 599, 
HZ1TT,204,93,15,20 367,
VA3FN,96,106,95,20 246, 
WA2JQK,149,134,,19 966,Hudson Valley Contesters and DXers
N8LR,106,92,95,18 492,
KB4CG,134,135,,18 090, 
K0KX,91,98,90,17 738,Minnesota Wireless Assn
HI3MM,119,107,43,17 334, 
VA3TNM,143,121,,17 303,
4Z5AF,198,86,,17 028, 
PT9DX,136,66,119,16 830,CWSP
K5MR,94,88,93,16 456,DFW Contest Group
K4FTO,90,91,89,16 289,Potomac Valley Radio Club
CO8ZZ,121,70,100,15 470, 
EA8BQM,118,66,112,15 180,URE
W2LCQ,84,91,80,14 924,Frankford Radio Club
VA3SB,70,95,70,13 300,Contest Club Ontario
K4IU,83,81,81,13 284,Minnesota Wireless Assn
JH0NEC,118,74,60,13 172, 
N5XE,69,93,66,12 555,DFW Contest Group
AA0AW,103,83,39,11 786,Minnesota Wireless Assn
N8II,95,62,89,11 408,POTOMAC VALLEY RADIO CLUB
KY4GS,69,85,65,11 390,South East Contest Club
W4CMG,71,92,50,11 132,TENNESSEE CONTEST GROUP
KP4JRS,146,76,,11 096,TRUJILLO ALTO CONTEST CLUB
VY0ERC,104,54,101,11 070,Eureka  Amateur Radio Club
JJ1RJR,93,76,50,10 868, 
BA3AX,99,56,95,10 864, 
N4QI,89,59,88,10 443,Swamp Fox Contest Group
KG3V,64,85,58,10 370,Potomac Valley Radio Club
N4NTO,73,72,69,10 224,PVRC
JH6WHN,87,62,70,9 734, 
K8ZT,72,70,62,9 380,NORTH COAST CONTESTERS
DS3EXT,99,94,,9 306, 
KD2KW,78,59,77,9 145,DFW Contest Group
N4AO,69,80,40,8 720,Florida Contest Group
KG1V,101,84,,8 484,
VE2HLS,83,52,71,8 008,Contest Group du Quebec
BG7SSK,90,44,89,7 876, 
NO5W,91,44,88,7 876,Jefferson Amateur Radio Club
W0YJT,72,67,35,7 169,
PY2POA,107,46,47,7 084,LABRE-SP
WA5LFD,75,91,,6 825,DFW Contest
BG1AL,81,42,75,6 552, 
JH7VHZ,92,46,50,6 532,
PY2QT,57,56,49,5 936,RIO DX GROUP
VA3PAF,51,68,35,5 848,Contest Club Ontario
UB8A,86,65,,5 590, 
K4MI,52,69,29,5 589,Potomac Valley Radio Club
HI8A,66,81,,5 346,RADIO CLUB DOMINICANO
AF8A,53,48,51,4 992,Mad River Radio Club
YB9UA,54,55,36,4 950,YBDXPI
TI2VVV,49,51,47,4 896, 
VA1CC,66,74,,4 884,Halifax Amateur Radio Club
TA4AU,56,45,46,4 590, 
YB1MIG,64,71,,4 544,YB LAND Dxing Passion Is
VU2DED,59,38,59,4 484,VU CONTEST GROUP
KC2GOW,39,58,38,4 466,Frankford Radio Club
KC2LSD,44,52,41,4 420, 
W3WHK,65,68,,4 420,Frankford Radio Club
N9HDE,48,64,20,4 352,
BH3EMZ,57,46,36,4 278, 
YC9FAR,56,44,40,4 224,SIAM DX GROUP
VE3EUS,64,64,,4 096,Ottawa Valley Mobile Radio Club
KR2D,55,68,,3 740, 
VE5GC,68,54,,3 672,Saskatchewan Contest Club
BG4NMT,43,49,30,3 577, 
JK1HWU,45,55,15,3 300,
ZV2F,50,62,,3 100,Araucaria DX Group
VE3LMS,40,48,20,2 880, 
KO4I,34,54,19,2 862,Tennessee Contest Group
YB1BML,52,40,18,2 800,YBDXing Passion Is
BG4CMI,32,44,31,2 772, 
WD0GTY,38,46,20,2 668,
VE2QV,35,42,28,2 646,Contest Group du Quebec
EA8AQM,47,52,,2 444,
WU9D,38,62,,2 356, 
TA4CS,53,22,52,2 310, 
KE0IAT,32,46,18,2 300, 
JJ3TBB,34,43,19,2 279,
N5KWN,40,30,34,2 220,
K3QP,37,30,34,2 130,Frankford Radio Club
VE2PI,49,43,,2 107,Contest Group du Quebec
W2UP,39,54,,2 106,Grand Mesa Contesters of Colorado
PY5IQ,37,55,1,2 090,ASSOCIACAO DOS RADIOAMADORES DO PARANA
WA8MDC,35,32,30,2 080,Bay Area DXers
A42K,32,32,30,1 984, 
YD2UWF,33,30,32,1 950,World Wide Young Contesters
BV3FG,50,27,20,1 890,
W3AVP,26,41,20,1 886, 
JA2KKA,35,53,,1 855,
4Z5LU,33,28,32,1 820, 
K1LHO,49,37,,1 813,MERIDEN ARC
YB3VK,41,44,,1 804,YBDXPI
JA2GHP,27,32,20,1 504, 
YD9UW,31,30,17,1 440,YBDXPI
YB2ECG,30,32,10,1 280,YB LAND DX CLUB
W7VC,41,30,,1 230,
W9VQ,32,38,,1 216,Society of Midwest Contestors
W2CLA,30,40,,1 200, 
JH4CES,22,37,10,1 184,
JH7UJU,26,42,,1 092,
BI4MPH,40,26,,1 040, 
YB9AOS,29,26,10,1 014,YBDXPI
K0VW,25,40,,1 000, 
4Z4UO,38,26,,988,
4X1FH,31,29,,899, 
K1NY,27,32,,864,Yankee Clipper Contest Club
PY1FI,21,22,16,814,RIO DX GROUP
K2QB,22,22,10,704,Niagara Frontier Radiosport
7K1MAG/2,19,24,10,696,Little Gun Club
JA4YPE,24,28,,672,
W2CG,20,32,,640,Frankford Radio Club
JE1RRK,24,26,,624,
YC8DUL,26,24,,624,
N8TCP,14,26,9,598, 
HL2WAU,18,33,,594, 
N4IU,24,18,7,558, 
4E1AGW,19,29,,551,spc arl
AF5CC,17,31,,527,OK DX ASSOCIATION
VE2/PY2KGB,25,20,,500, 
BI4RBD,17,28,,476, 
N9TF,15,30,,450,TENNESSEE CONTEST GROUP
N9NM,17,25,,425,Central Texas DX and Contest Club
VE3OU,13,23,,299,
BH3DAX,12,24,,288, 
YC1RYX,18,16,,288,YBDXPI
VL6K,14,20,,280,VKCC
NQ4K,17,16,,272,Sterling Park Amateur Radio Club
PY2CER,9,16,7,256,ARAUCARIA DX GROUP
PY1NP,12,18,,216,
VU2JOS,13,16,,208,
NJ8J,9,21,,189,South East Contest Club
PY2GTA,11,16,,176,CABREUVADX
NE6NE,12,14,,168,
BD7JIR,10,16,,160, 
JE1CAC,10,16,,160, 
JH1RFM,10,16,,160, 
W3IDT,10,14,,140,Potomac Valley Radiio Club
YB1HR,9,14,1,140,7ADXCC
KB7AK,8,14,,112, 
JK1BVN,9,12,,108,
PY1MK,9,10,,90,RIO DX GROUP
PU2USK,7,12,,84,CABREUVADX
PU1JSV,6,12,,72,RIO DX GROUP
N5JGE,10,7,,70, 
YB6IUP,8,8,,64,YB6_DXC
YE9PBZ,6,10,,60,YBDXPI
KD9OIN,5,10,,50,SOCIETY OF MIDWEST CONTESTERS
K4WWP,5,8,,40,Potomac Valley Radio Club
KB2URI,5,8,,40,Niagara Frontier Radiosport
PV8DR,4,8,,32, 
WA9LEY,3,8,,24,Metro DX Club
3B8BAP,3,6,,18, 
AI4IC,3,6,,18, 
TA4RC,3,6,,18,teampapa
JA5NSR,2,4,,8,
N1GFV,2,4,,8,
JO6NZN,1,3,,3,
JJ1UBX,1,2,,2,
CR3DX,2 438,533,2 200,2 472 054,
CT9ABV,2 092,510,2 071,2 123 130,Rhein Ruhr DX Association
P3X,2 156,477,2 074,2 017 710,UKRAINIAN CONTEST CLUB
D4L,2 222,473,1 870,1 935 516,Italian Contest Club
VY2ZM,1 894,447,1 891,1 691 895,Yankee Clipper Contest Club
FY5KE,1 922,431,1 886,1 641 248,CLIPPERTON DX CLUB
AA3B,1 834,425,1 831,1 557 625,FRANKFORD RADIO CLUB
K3MM,1 680,423,1 665,1 414 935,Potomac Valley Radio Club
UN9L,1 722,421,1 624,1 408 666,UNCC
NY3A,1 590,405,1 590,1 287 900,Potomac Valley Radio Club
VE3AT,1 636,389,1 626,1 268 918,Contest Club Ontario
KP2M,1 611,393,1 606,1 264 281,Potomac Valley Radio Club
R8TT,1 408,425,1 377,1 183 625,Russian Contest club
K3JO,1 405,410,1 401,1 150 460,YANKEE CLIPPER CONTEST CLUB
4L2M,1 562,384,1 251,1 080 192,NARG
UP4L,1 426,373,1 426,1 063 796,UNCC
NA8V,1 270,367,1 257,927 409,Bay Area DXers
PV2K,1 155,358,1 135,819 820,ARAUCARIA DX GROUP
K0EJ,1 237,312,1 236,771 576,Tennessee Contest Group
K0ZR,1 167,320,1 166,746 560,Potomac Valley Radio Club
K3WW,1 029,362,1 028,744 634,Frankford Radio Club
AD4EB,1 136,316,1 132,716 688,Tennessee Contest Group
N4SS,1 130,316,1 130,714 160,Kentucky Contest Group
K5ZD,930,385,920,712 250,Yankee Clipper Contest Club
K1ZZ,941,364,924,678 860,Yankee Clipper Contest Club
RG9A,991,336,977,661 248,South Ural Contest Club
VE9AA,989,341,920,650 969,Maritime Contest Club
K2LE,794,376,786,594 080,YANKEE CLIPPER CONTEST CLUB
W3LL,927,300,917,553 200,Potomac Valley Radio Club
JH4UTP,1 003,252,973,497 952, 
N4PX,742,319,741,473 077, 
N9NC,695,337,680,463 375,Yankee Clipper Contest Club
NO9E,852,263,836,443 944,Georgia Contest Club
VK1A,920,244,806,421 144,VK Contest Club
VE3DZ,747,281,746,419 533,Contest Club Ontario
JR2SCJ,854,228,810,379 392, 
W1CSM,668,283,660,375 824,Yankee Clipper Contest Club
EG8HKT,790,242,732,368 324,RADIOCLUB ISLAS CANARIAS
RO9A,809,230,792,368 230,South Ural Contest Club
PY4BZ,677,280,630,365 960,ARAUCARIA DX GROUP
W9RE,600,302,600,362 400,Society of Midwest Contesters
NW3Y,694,257,694,356 716,Frankford Radio Club
VE3NZ,777,223,776,346 319,Contest Club Ontario
ZM1A,869,226,660,345 554, 
NB1N,667,255,666,339 915,YANKEE CLIPPER CONTEST CLUB
K3RA,626,270,618,335 880,Potomac Valley Radio Club
K9OM,596,279,589,330 615, 
K1ESE,570,289,569,329 171,Yankee Clipper Contest Club
VE3CT,725,226,724,327 474,Contest Club Ontario
WO4O,719,222,709,317 016,FLORIDA CONTEST GROUP
K3UL,716,220,699,311 300,Frankford Radio Club
W1KM,484,321,484,310 728,Yankee Clipper Contest Club
KR2AA,693,220,681,302 280, 
WT2J,625,248,583,299 584, 
N3QE,555,255,553,282 540,Potomac Valley Radio Club
W3FIZ,597,235,593,279 650,FRANKFORD RADIO CLUB
KE2D,517,261,514,269 091,Frankford Radio Club
N2YO,564,243,520,263 412,Potomac Valley Radio Club
K3IE,604,212,598,254 824,Tennessee Contest Group
N5AW,495,244,492,240 828,CENTRAL TEXAS  DX AND CONTEST CLUB
W8FJ,463,258,450,235 554,Frankford Radio Club
UP5B,586,200,580,233 200,UNCC
JA0FVU,679,175,644,231 525,CHUO UNIVERSITY AMATEURE RADIO CLUB
W3FV,518,220,517,227 700,Frankford Radio Club
W9ILY,476,235,474,223 250,METRO DX CLUB
K5KG,504,223,496,223 000,FLORIDA CONTEST GROUP
NP2X,555,201,543,220 698,FLORIDA CONTEST GROUP
NN7CW,505,218,504,219 962,Bavarian Contest Club
VJ3A,628,193,510,219 634,VK Contest Club
VE2FK,629,171,625,214 434,Contest Group du Quebec
K3ZU,414,243,414,201 204,Potomac Valley Radio Club
LW2DOD,516,196,508,200 704,
BG1HGS,562,183,528,199 470, 
K3MD,470,210,467,196 770,Frankford Radio Club
WY3A,438,224,437,196 000,Frankford Radio Club
PY2KJ,503,197,462,190 105,Araucaria Dx Group
ZD7BG,701,172,369,184 040,
WA8Y,471,195,463,182 130, 
K3WJV,427,204,426,174 012,Frankford Radio Club
N9RV,463,186,465,172 608,Big Sky Contesters
VA2EBI,460,187,451,170 357,Yankee Clipper Contest Club
K4BAI,408,209,405,169 917,SOUTH EAST CONTEST CLUB
RK8I,530,166,450,162 680,
N5RZ,413,196,413,161 896,Central Texas DX and Contest Club
WK2G,512,163,480,161 696,Frankford Radio Club
UA9CTT,497,160,496,158 880,URAL CONTEST GROUP
KG4W,396,193,377,149 189,POTOMAC VALLEY RADIO CLUB
ED8M,405,182,392,145 054, 
KR2Q,390,180,370,136 800, 
N4CWZ,425,157,419,132 508,Potomac Valley Radio Club
K1IMI,380,174,376,131 544,Potomac Valley Radio Club
K4WW,492,130,491,127 790,Kentucky Contest Group
AB2E,337,184,335,123 648, 
KU1CW,336,183,322,120 414,Willamette Valley DX Club
WS9M,388,155,387,120 125, 
W4PM,354,168,346,117 600,CVCC
PY2NA,309,190,308,117 230,Araucariadx
AA3R,289,197,288,113 669,Frankford Radio Club
KA6BIM,308,182,308,112 112,Willamette Valley DX Club
ZM4T,372,160,328,112 000,Bavarian Contest Club
N3AM,313,180,309,111 960,Potomac Valley Radio Club
VE3JM,325,171,322,110 637,Contest Club Ontario
K2RET,260,207,259,107 433,Frankford Radio Club
W3US,266,202,264,107 060,The Villages Amateur Radio Club
W5GN,286,177,285,101 067,DFW CONTEST GROUP
K2NV,314,160,312,100 160,Niagara Frontier Radiosport
K3WA,297,168,292,98 952,Potomac Valley Radio Club
JE1NVD,327,156,280,94 692, 
N5XZ,338,141,331,94 329,Texas DX Society
UC0A,382,116,380,88 392,
YB2HAF,354,124,353,87 668, 
K7QA,321,131,318,83 709,BIG SKY CONTESTERS
N3OC,265,157,263,82 896,Potomac Valley Radio Club
YB1AYO,279,149,277,82 844,YBDXPI
PY7ZC,233,177,230,81 951,RIO DX GROUP
YV4ABR,265,151,262,79 577,CWJF
PY4HO,271,152,251,79 344,Araucaria DX Group
WA3AAN,267,149,262,78 821,Frankford Radio Club
K7ZQ,245,154,242,74 998, 
L33M,327,114,326,74 442,LU Contest Grup
JN1THL,313,119,311,74 256,Japan Lid Club
K0HB,218,171,213,73 701,Minnesota Wireless Assn
VU2TMP,258,142,258,73 272, 
N1TO,258,140,255,71 820,Florida Contest Group
K0VBU,320,112,321,71 792,Kansas City Contest Club
W1GD,174,206,172,71 276,Yankee Clipper Contest Club
LT6M,263,135,256,70 065,ARAUCARIA DX GROUP
LW1D,280,121,278,67 518,None
CX5UA,243,140,232,66 500,lucg
KC3M,236,140,235,65 940,Non-Club
WB2PJH,211,158,204,65 570,Frankford Radio Club
K4QPL,241,139,225,64 774,Potomac Valley Radio Club
W1WEF,300,107,289,63 023,Yankee Clipper Contest Club
W0VX,216,135,214,58 050,DFW Contest Group
K1RM,315,108,221,57 888,YANKEE CLIPPER CONTEST CLUB
N3JT,215,139,199,57 546,Potomac Valley Radio Club
K2MK,213,135,211,57 240, 
N6AA,217,132,215,57 024,Southern California Contest Club
VK2GR,359,78,353,55 536,VK Contest Club
PY4RGS,179,151,178,53 907,ARAUCARIA DX GROUP
N7WY,184,146,182,53 436,Kansas City Contest Club
RA9P,274,100,260,53 400,
RA0AM,280,102,220,51 000,CSDXC
VE1ANU,242,158,80,50 876, 
NS2N,164,153,163,50 031,Niagara Frontier Radiosport
K8MP,318,154,,48 972, 
NN3RP,199,124,195,48 856,Potomac Valley Radio Club
VR2CO,226,120,180,48 720, 
K6MMM,209,111,203,45 732,Pizza Lovers 259
NZ4N,190,118,190,44 840,Potomac Valley Radio Club
XE1CT,200,113,190,44 070, 
W2GD,220,100,220,44 000,Frankford Radio Club
N7EPD,195,113,193,43 844,Western Washington DX Club
W2CDO,172,120,169,40 920,Potomac Valley Radio Club
N1RM,213,96,212,40 800,Potomac Valley Radio Club
NS4X,146,140,144,40 600,TENNESSEE CONTEST GROUP
LU8QT,314,66,293,40 062, 
W4VIC,141,132,139,36 960,Potomac Valley Radio Club
N2RC,128,145,125,36 685,Frankford Radio Club
K8PK,138,131,135,35 763,MILFORD (OH) ARC
PY3TD,335,104,1,34 944,rio dx group
WB2NVR,156,118,140,34 928,Yankee Clipper Contest Club
VE3BR,150,115,150,34 500,Contest Club Ontario
K8IA,179,96,178,34 272,ARIZONA OUTLAWS CONTEST CLUB
W1ZT,204,84,197,33 684,Yankee Clipper Contest Club
N3BB,210,80,205,33 200,CTDXCC
K7RL,193,84,192,32 340,Western Washington DX Club
AC6ZM,126,128,111,30 336,Tennessee Contest Group
K3TN,134,103,133,27 501,POTOMAC VALLEY RADIO CLUB
K6XX,126,109,119,26 705,Northern California Contest Club
KX2S,134,101,130,26 664,HILLTOP TRANSMITTING ASSN
NA4J,106,122,105,25 742,POTOMAC VALLEY RADIO CLUB
NN2NN,116,111,114,25 530,Niagara Frontier Radiosport
JA9CWJ,163,78,163,25 428,
N4CF,108,115,105,24 495,Potomac Valley Radio Club
K5UV,116,104,115,24 024, 
K1SM,152,78,150,23 556,None
AF4T,100,116,98,22 968,Tennessee Contest Group
K4NMR,151,76,151,22 952,Florida Contest Group
WT2P,109,105,108,22 785,Metro DX Club
KS7T,180,83,89,22 327,Big Sky Contesters
ZL3P,139,92,90,21 068,Quake Contesters
BD4QA,199,52,187,20 072, 
N8KH,110,88,106,19 008,Florida Contest Group
VE6RST,137,66,137,18 084, 
N2ZN,123,77,110,17 941,Rochester (NY) DX Assn
KH6AQ,175,54,157,17 928,NA
RA0AY,112,84,100,17 808,
N4QS,121,74,119,17 760,Paducah Amateur Radio Association
JA6BZI,121,72,118,17 208, 
K0AP,102,89,88,16 910,Kansas City Contest Club
W8TOM,87,105,74,16 905, 
YB2IQ,113,86,81,16 684,YB LAND DX PASSION IS
BA3MM,165,50,165,16 500, 
JO7KMB,115,72,112,16 344,
K5LY,88,93,85,16 089,
K7RB,104,77,100,15 708,DFW Contest Group
K3TW,104,78,97,15 678,FLORIDA CONTEST GROUP
KG9N,100,78,100,15 600,soceity of midwest contesters
VE3EY,78,100,75,15 300,Contest Club Ontario
NT6X,96,86,78,14 964,Dawn Patrol Surf Club
N5EP,98,72,98,14 112, 
BD7JNA,133,52,127,13 520, 
N0BUI,94,72,92,13 392,MINNESOTA WIRELESS ASSN
AI4WW,92,73,90,13 286,GOLD COAST AMATEUR RADIO ASSOCIATION INC
W5GCX,112,117,,13 104,Texas DX Society
YB2MM,97,68,86,12 444,YBDXPI
K1BZ,88,140,,12 320,potomac valley radio club
CX6VM,91,72,80,12 312, 
WB2WPM,80,76,80,12 160,Niagara Frontier Radiosport
K1MT,112,82,30,11 644,Yankee Clipper Contest Club
AZ1A,98,58,97,11 310,None
NN4SS,74,78,69,11 154,South East Contest Club
KJ9C,97,50,96,9 650,Society of Midwest Contesters
K8MR,69,73,62,9 563,Mad River Radio Club
VU2YYF,85,54,84,9 126,VU CONTEST GROUP
N5XJ,80,54,79,8 586,Central Texas DX and Contest Club
W2KA,64,68,59,8 364, 
JJ1XBQ,74,62,60,8 308, 
R9IR,93,48,80,8 304,Central Siberia DX Club
N3KN,101,82,,8 282,Potomac Valley Radio Club
KC7V,70,58,69,8 062,Arizona Outlaws Contest Club
W6YX,86,50,70,7 800,Northern California Contest Club
JQ3ALW,106,72,,7 632,
JF2FIU,63,60,60,7 380,
VA3IK,66,54,64,7 020, 
JA2AXB,72,48,70,6 816, 
WA3AER,75,44,73,6 512,Potomac Valley Radio CLub
K1TH,54,60,54,6 480,Yankee Clipper Contest Club
K1JB,50,62,48,6 076,Yankee Clipper Contest Club
PV8DX,56,53,50,5 618,GUARA DX GROUP
N2SO,52,54,46,5 292,Hudson Valley Contesters & DXers
N9NA,45,58,40,4 930,Arizona Outlaws Contest Club
K4RUM,63,36,58,4 356,Hudson Valley Contesters and DXers
JE6WGT,50,71,10,4 260,
AB3CV,58,40,47,4 200,Potomac Valley Radio Club
JA7IC,45,44,40,3 740,
BD3TE,57,40,20,3 080, 
ZL1BBW,52,32,40,2 944, 
JL1LNC,61,44,,2 684,
W4HXH,55,40,,2 200,PSLARA
AF5J,27,46,20,2 162,Texas DX Society
VJ5W,59,36,,2 124,VK Contest Club
W2NO,35,60,,2 100,Memes-R-Us
K5PI,37,28,35,2 016,Central Texas DX and Contest Club
K0MD,42,46,,1 932,Minnesota Wireless Assn
PY3LX,32,30,30,1 860,RADIOFAROL DX GROUP
KM2L,29,30,26,1 650,Niagara Frontier Radiosport
KB3Z,22,39,20,1 638,Frankford Radio Club
W4SSF,31,26,27,1 508,Tennessee Contest Group
JA2HYD,38,35,,1 330,JAPN LID CLUB
VA7XU,39,34,,1 326, 
ZL4YY,32,39,,1 248,
PY2EU,27,34,,918,CABREUVADX
YB2TS,26,24,11,888,YB-LAND DXING PASSION IS
N4FP,23,20,20,860,Florida Contest Group
PY3TR,21,26,10,806,RADIOFAROL DX GROUP
JR4VEV,18,28,10,784,RTTY Contesters of Japan
VA7GI,25,30,,750,ORCA DX and Contest Club
PP5AX,22,27,,594,Araucaria DX Group
W1PR,18,26,,468, 
W7QM,13,20,10,460,Northern California Contest Club
KF6NCX,22,20,,440,NCCC
YB0BAC,16,24,,384, 
NS8O,19,18,,342,Sunday Creek Amateur Radio Federation
YC4SIZ,14,14,,196,YBDXPI
W4NZ,10,18,,180,Tennessee Contest Group
HL2ZN,11,14,,154, 
JA7GYP,5,10,,50,THE AKITA DX ASSOCIATION
JG3KMT,2,4,,8,
AA5TA,2,3,,6,Delaware Amateur Radio Association
KG7MVH,1,2,,2, 
A60A,2 318,491,2 227,2 231 595,RUSSIAN CONTEST CLUB
K1LZ,2 235,478,2 254,2 145 742,YANKEE CLIPPER CONTEST CLUB
K9RS,1 633,390,1 510,1 225 770,Frankford Radio Club
K8LX,1 506,337,1 499,1 012 685,Bay Area DXers
N4FCG,1 405,355,1 402,996 485,Florida Contest Group
TC3N,1 166,302,1 128,692 788, 
RZ9L,1 146,292,1 146,669 264, 
E2WRTC,998,293,888,552 598,SIAM DX GROUP
PR2E,950,262,938,494 656,CABREUVA DX
JH4RHF,929,239,830,420 401,YYP Club
RC9J,743,222,736,328 338,ARCK
BI4SSB,378,134,140,69 412, 
N1SOH,317,135,,42 795,Yankee Clipper Contest Club
9M2U,175,70,120,20 650,9M HF & DX CONTEST GROUP
7Q7EMH,158,84,,13 272,RCC
JK2VOC,64,48,60,5 952,
VE7SAR,45,42,,1 890,